Metric,Home_Mean,Away_Mean,Difference,p_value,Test_Type,Significant
Win Rate,58.92396655466124,41.07603344533875,17.847933109322497,4.95608432908494e-241,Chi-square,True
Points per Game,103.69317027428303,100.8600062514652,2.83316402281784,1.1178164180001737e-126,Paired t-test,True
Assists per Game,22.887004766742205,21.562358365241852,1.3246464015003525,2.8889887238652236e-182,Paired t-test,True
Rebounds per Game,43.41845745096507,42.14057982339611,1.2778776275689623,1.6950340184727734e-106,Paired t-test,True
FTA per Game,24.393920450105494,23.348128467609595,1.0457919824958992,7.006695910389377e-54,Paired t-test,True
Field Goal %,46.13538329295929,45.04090411815269,1.094479174806601,3.309105469508672e-108,Paired t-test,True
Free Throw %,76.15527858091741,75.9931390169571,0.16213956396030937,0.07194242926118628,Paired t-test,False
Three-Point %,35.65596233492224,35.00690005470032,0.6490622802219264,2.0951217656523314e-11,Paired t-test,True
