Metric,Home_Mean,Away_Mean,Difference,t_stat/z_stat,p_value,Significant
Points,103.45589786080144,100.63987646881591,2.8160213919855295,33.9426617530193,3.016700145882967e-247,True
FG%,0.46073508586923767,0.4497321105754746,0.011002975293763095,23.078931169257512,1.0626641241897003e-116,True
3P%,0.35602319975896357,0.3494888520638747,0.006534347695088871,6.817141254426921,9.485779300963684e-12,True
FT%,0.7603770714070502,0.7588157577583609,0.0015613136486893886,1.795675486543554,0.07255750897644356,False
Assists,22.823440795420307,21.49627146730943,1.3271693281108767,31.96761983459758,4.571385526130245e-220,True
Rebounds,43.374284423018985,42.113249472732754,1.2610349502862306,22.869575912026214,1.1978605504707005e-114,True
FTA,24.393920450105494,23.348128467609595,1.0457919824958992,17.69981195861944,1.0955233359130023e-69,True
Win%,58.9221150949081,41.07788490509189,17.84423018981621,41.12078857204691,0.0,True
